{"cameraMode":{"drawMode":0,"name":"Shaded","section":"Shading Mode"},"sceneLighting":true,"audioPlay":false,"sceneViewState":{"showFog":true,"showMaterialUpdate":false,"showSkybox":false,"showFlares":true,"showImageEffects":true,"showParticleSystems":true},"in2DMode":false,"pivot":{"x":-6867.77685546875,"y":3275.159912109375,"z":5454.62158203125},"rotation":{"x":0.14786173403263093,"y":0.07261785119771958,"z":-0.010886321775615216,"w":0.9862784147262573},"size":13537.861328125,"orthographic":false}