{"cameraMode":{"drawMode":0,"name":"Shaded","section":"Shading Mode"},"sceneLighting":false,"audioPlay":false,"sceneViewState":{"showFog":true,"showMaterialUpdate":false,"showSkybox":false,"showFlares":true,"showImageEffects":true,"showParticleSystems":true},"in2DMode":false,"pivot":{"x":19.950000762939454,"y":0.03399999439716339,"z":0.0},"rotation":{"x":0.3128723204135895,"y":0.022788172587752343,"z":-0.007508543785661459,"w":0.9494920969009399},"size":1.7818641662597657,"orthographic":false}