{"cameraMode":{"drawMode":0,"name":"Shaded","section":"Shading Mode"},"sceneLighting":true,"audioPlay":false,"sceneViewState":{"showFog":true,"showMaterialUpdate":false,"showSkybox":true,"showFlares":true,"showImageEffects":true,"showParticleSystems":true},"in2DMode":false,"pivot":{"x":-6.311687469482422,"y":0.0022706985473632814,"z":-2.259373903274536},"rotation":{"x":0.1552453190088272,"y":-0.6365946531295776,"z":0.13290059566497804,"w":0.743628740310669},"size":20.731258392333986,"orthographic":false}