{"cameraMode":{"drawMode":0,"name":"Shaded","section":"Shading Mode"},"sceneLighting":false,"audioPlay":false,"sceneViewState":{"showFog":true,"showMaterialUpdate":false,"showSkybox":false,"showFlares":true,"showImageEffects":true,"showParticleSystems":true},"in2DMode":false,"pivot":{"x":-2.384185791015625e-7,"y":1.0,"z":2.384185791015625e-7},"rotation":{"x":0.6402369141578674,"y":0.0023013839963823559,"z":-0.0019174673361703754,"w":0.7681717276573181},"size":11.611608505249024,"orthographic":false}